Post Shortcode,Commenter Username,Comment Text
C1SSUZHt8iI,makinat_shqiptare_off,Rip ti ket len uraten vodafonit ğŸ˜‚
C1SSUZHt8iI,_eneida_23,Oo sa mire ia kane bere â€¦.ğŸ˜‚ğŸ˜‚..po dora e shtetit  fshihet mbas ketyre ..pseudo hajdute
C1SSUZHt8iI,gocadikujte,Bravo JOQ per kete super mesazh ğŸ‘ğŸ¤ğŸ‡¦ğŸ‡±ğŸ¥°
C1SSUZHt8iI,0seventyone,"Cu be , cfare ndodhi ??"
C1SSUZHt8iI,adleintoli,Nga 4 kompani  qe ishin para 2013 perfundum me 1
C1SSUZHt8iI,monika_mazari_,"Kjo one qe ishte kompani hajdute kete e dinim , po shifni ca do behet me cmimet e vodafone tani qe do jet kompani e vetme ğŸ¤·ğŸ»â€â™€ï¸"
C1SSUZHt8iI,azganferatii,Naj dyqan tna e shesin me gjys cmimi jan ok?
C1SSUZHt8iI,tila.kaseja,Sa mir e pska ber
C1SSUZHt8iI,sai_mira_,Rip ne te .... shkofshin ishalla rrug pa kthim
C1SSUZHt8iI,toni_mmv,"Ne jemi me te vertete popull injorant! Gezohemi per nje te keqe qe po ne do ta vuajme! Nuk jemi te zotet te kerkojme llogari dhe kenaqemi me nje sulm kibernetik! Imagjinoni me mijra abonente ne ""blackout""!!!"
C1SSUZHt8iI,ardit.hasa,Ishalla se kam ca fatura pa paguar se jam jashtetitğŸ˜‚ğŸ˜‚
C1SSUZHt8iI,fsfe_0001,Haha
C1SSUZHt8iI,marsi_0803,Sa per te qeshur
C1SSUZHt8iI,amelda_hamzaj,Ooooo one po si ike ti na le vetemmmm oiiiiiiiiiiiii ne paten shum besim tek ti oiiiiiiiiiii ah one na dogje zemren oneeeee
C1SSUZHt8iI,hibeautycosmetic,Si kto si vodafone ta riaktivizojne kontraten automatikisht edhe sikur ta kesh pasur vetem per 1 vit ose 6 muaj.
C1SSUZHt8iI,l.e.a64,Na paste lene uraten..e ne koke te vodafonit tani se ka mbet ushtari fundit ğŸ˜‚ğŸ˜‚ğŸ˜‚
C1SSUZHt8iI,argitallani,Presim rradhÃ«n e Vodafoneâ€¦ ai duhet tÃ« ishte mÃ« parÃ« nÃ« kÃ«tÃ« gjendje!
C1SSUZHt8iI,1lda___,Ishalla e ka mas qafe vodafoni !
C1SSUZHt8iI,kejsii_hysa,ğŸ˜‚ğŸ˜‚
C1SSUZHt8iI,mario_tattoo_kurani,Ne kok te vodafonit tani ishalla
C1SSUZHt8iI,anairda1307,Kur u be varrimi??
C1SSUZHt8iI,eliimonaco,ğŸ˜‚ğŸ˜‚ğŸ˜‚ğŸ˜‚ğŸ˜‚ wtfğŸ˜®
C1SSUZHt8iI,ervispanxhi,Ishalla i ndodh edhe vodafonitğŸ˜‚ğŸ˜‚ğŸ˜‚
C1SSUZHt8iI,klea_visha1,Po mu pse m punon akoma numri?
C1SSUZHt8iI,hartberg_1994,ğŸ˜‚ğŸ˜‚ğŸ˜‚
C1SSUZHt8iI,edlira_domi,Po u mbydh dhe Vodafoni si do komunikojm ne qe te gjith urojne ishalla mbydhet dhe vodafoni
C1SSUZHt8iI,_r.dj_5,I qofte i lehte dheuğŸ˜‚ğŸ˜‚
C1SSUZHt8iI,lusi.cako,Ndoshta RIP eshte e kunderta ! Zakonisht mbasi vjedhin krijojne dhe nje potere te tille per te humb gjurmet!
C1SSUZHt8iI,ben_kuksi,"Kshtu esh kur shteti jua shet si kompani e huaj,ne te vertet mostrat ne Shqipri e kane prandajtallen me ju"
C1SSUZHt8iI,hb_erj0n,ğŸ˜‚ğŸ˜‚ğŸ˜‚ğŸ˜‚ğŸ˜‚
C1SSUZHt8iI,_edda_87_,Riiiipppppp
C1SSUZHt8iI,1lda___,Ishalla e ka marrÃ« kemben zvarrÃ« per vodafonin ğŸ«¡ğŸ«¡
C1SSUZHt8iI,flaviovecani,"Un nuk kisha ankesa per kete kompani,
Vodafoni eshte me mut se kjo"
C1SSUZHt8iI,gjergji.tako,Sa me there e gropiseshin dhe ne kok te Vodafone
C1SSUZHt8iI,nertila_thuqi,"Une kisha vetem 15 dit te mbetura per te paguar se e prisha kontraten ne gjys muaji por per te qene korrekt vajta per ti paguar kur aty me thane qe do mbyllesh muajin e plote...as e mora mundimin ti paguaja,se cfare do behet se di"
C1SSUZHt8iI,albert_tomaa,PushoftÃ« nÃ« paqÃ«
C1SSUZHt8iI,olsi_meta__,ğŸ˜‚ğŸ˜‚
C1SSUZHt8iI,toreli_store,ishalla i bajm varrimin edhe vodafonit
C1SSUZHt8iI,henris_en,Kompani ropqire mir ja kan bo
C1SSUZHt8iI,silvjo2,Tani do behet vodafon si edi rama..skan konkurenc
C1SSUZHt8iI,flamurflavio,Sa mir
C1SSUZHt8iI,f.a.t.b.a.r.d.h,Ishalla mbyllet edhe iute edhe kredoğŸ˜‚
C1SSUZHt8iI,rent_car_destination,ğŸ˜®ğŸ˜®
C1SSUZHt8iI,francdsombra,Ishalla na e mbyllin kontraten hakerat...se kam qe me 1 dhjetor 2022 qe nuk ma mbyllin
C1SSUZHt8iI,marsi_gashi,"Po po por u kthye ne monopol,e do bej cte doje vodafone"
C1SSUZHt8iI,eri_beshiri_,A ja qifsha robt ksaj kompanie se na ka nxi jeten
C1SSUZHt8iI,moda_itsy_online,ğŸ˜‚ğŸ˜‚ğŸ˜‚ğŸ˜‚ğŸ˜‚
C1SSUZHt8iI,bujar_gucia,Do ta ket ket ket kompanin on deputes ma hajne  qe do ket Europe dhe vorri do I qesin flak
C1SSUZHt8iI,sylvesterhida,Tani do i qr vodafone do i coj cmimet larte fare
C1SSUZHt8iI,louis__707,Kurva numer 1 do thot ONE
C1SSUZHt8iI,uknow_girl.20,Prdj smu bÃ« oferta sot mu hahahhaa
C1SSUZHt8iI,ckem.iiii,Shqiptari shkret gjithmon vetem per vdekjen mendon pse nuk mendoni sa e bukur esht jeta vetem per vrasje perdhunime sherre o vella jeta osh qef ğŸ˜‚
C1SSUZHt8iI,_xheksoniii_21,I past lan uraten vodafonit
C1SSUZHt8iI,dreamssexual,Ktyne eshte per tju q... ropttt se hajdutaaa Jan te gjitha kompanit
C1SSUZHt8iI,no_coment_95,Ska shtet tja qr ksaj e vodafonit
C1SSUZHt8iI,ledio__r,ğŸ˜‚ğŸ˜‚ğŸ˜‚ğŸ˜‚
C1SSUZHt8iI,faik_gashi96,ğŸ˜‚ğŸ˜‚ğŸ˜‚
C1SSUZHt8iI,xhoeli.m1,Thuji tvin dhe iher ktej nga vodafoni se na griuğŸ˜‚
C1SSUZHt8iI,j.j.i.j.i,Do flasim me telefon fiksğŸ˜
C1SSUZHt8iI,jasee_min_,ğŸ‘ğŸ‘ğŸ‘ğŸ‘
C1SSUZHt8iI,duka_florian_,hahqhhq
C1SSUZHt8iI,klevis_imani,Amin
C1SSUZHt8iI,andi_belba,Ishalla falemento one ja qisha ropte ku ti kete ikni nga kjo kompani ben oferte ik mbrenda Javes mbas 1 muaj e 10 ditesh te bllok nr te caktivizohet nuk vin thirrjet ropte te qifsha kompani hajdute
C1SSUZHt8iI,erkid_durda,Ju Paft lene kujtime te bukura  ngushellime ğŸ˜‚ğŸ˜‚
C1SSUZHt8iI,hajrohalili,Po kto Jan te gjith hajduta bashk me gjith qeveritaret
C1SSUZHt8iI,klevis.mezani,Edhe 100 vite te lumtura per ne
C1SSUZHt8iI,flamurflavio,ğŸ˜‚ğŸ˜‚ğŸ˜‚ğŸ˜‚
C1SSUZHt8iI,endrrigordaniii__,Ishin ca muj pa pagujtğŸ˜‚
C1SSUZHt8iI,ertantanoo,I qoft shpirti ne ferr plerat
C1SSUZHt8iI,linda_trips4fun.albania,Po e vertete mua me ka ndodhur
C1SSUZHt8iI,eri_madani18,Dhe vodafoni i njejt eshte
C1SSUZHt8iI,babi_eli_bobe,Na plasi kari une pi fanta
C1SSUZHt8iI,albishehu5,Erdhi dita per kta ordinerat te marin denimin emerituar
C1SSUZHt8iI,laert_gjoka,Perralla me mbret
C1SSUZHt8iI,mobileri_tegu,ğŸ‘ aleluja
C1SSUZHt8iI,mario.dervi,Ka falimentuar?
C1SSUZHt8iI,d.brinja6,HahahahahahahahahhahahağŸ˜‚ğŸ˜‚ğŸ˜‚
C1SSUZHt8iI,charrisgirls___,ğŸ˜‚ğŸ˜‚ğŸ˜‚ğŸ˜‚ğŸ˜‚
C1SSUZHt8iI,fatjonlazri_mirditor,Rip
C1SSUZHt8iI,gentiantuci,Monopol te fala diktatures ğŸ˜‚ğŸ˜‚ğŸ˜‚ğŸ˜‚
C1SSUZHt8iI,miri_leci,@jeta_93gj ğŸ˜‚
C1SSUZHt8iI,gezim.buci,Kshu eshte dhe vodafoni njesoj
C1SSUZHt8iI,eri_xhaferi_,NÃ« tÃ« sÃ«mÃ«s ğŸ‘‹ğŸ¤¡
C1SSUZHt8iI,alb_aliu,ğŸ˜‚ğŸ˜‚ğŸ˜‚ğŸ˜‚ğŸ˜‚ğŸ˜‚ğŸ˜‚ğŸ˜‚
C1SSUZHt8iI,y.k.gj.66608893,Po si i behet per ne qe kemi nr one?
C1SSUZHt8iI,vefimullisi,ğŸ˜‚ğŸ˜‚ğŸ˜‚
C1SSUZHt8iI,shtepiadetergjentve,Ahahhahahahha
C1SSUZHt8iI,marios__kullolli,A do bojn buke per varrim a jo ğŸ˜‚
C1SSUZHt8iI,gazii_papa,Te dyja kompanit jan njesoj ğŸ˜¢ğŸ˜¢ğŸ˜¢ğŸ˜¢
C1SSUZHt8iI,antongjoka1,ğŸ˜‚ğŸ˜‚ğŸ˜‚ğŸ˜‚ğŸ˜‚
C1SSUZHt8iI,ergi___1,JOQ pertej cdo imagjinate ğŸ˜‚ğŸ˜‚ğŸ˜‚
C1SSUZHt8iI,lenci3642,Prit er se i kam 1 muj pa likujdu mos e varros ğŸ˜‚ğŸ˜‚
C1SSUZHt8iI,shpresa__lekaj,Rip
C1SSUZHt8iI,andi_and1,"Nuk besonim ne,ishim skeptike ne ğŸ˜"
C1SSUZHt8iI,klea_aa08,ğŸ˜‚ğŸ˜‚ğŸ˜‚ğŸ˜‚ğŸ˜‚ğŸ˜‚ğŸ˜‚ğŸ˜‚ğŸ˜‚ğŸ˜‚ğŸ˜‚ğŸ˜‚ğŸ˜‚ğŸ˜‚ğŸ˜‚ğŸ˜‚ğŸ˜‚ğŸ˜‚ğŸ˜‚ğŸ˜‚ğŸ˜‚ğŸ˜‚ğŸ˜‚ğŸ˜‚ğŸ˜‚ğŸ˜‚ğŸ˜‚ğŸ˜‚ğŸ˜‚ğŸ˜‚ğŸ˜‚ğŸ˜‚ğŸ˜‚ğŸ˜‚ğŸ˜‚ğŸ˜‚ğŸ˜‚ğŸ˜‚ğŸ˜‚ğŸ˜‚ğŸ˜‚ğŸ˜‚ğŸ˜‚ğŸ˜‚ğŸ˜‚ğŸ˜‚ğŸ˜‚ğŸ˜‚ğŸ˜‚ğŸ˜‚ğŸ˜‚ğŸ˜‚ğŸ˜‚ğŸ˜‚ğŸ˜‚ğŸ˜‚ğŸ˜‚ğŸ˜‚ğŸ˜‚ğŸ˜‚ğŸ˜‚ğŸ˜‚ğŸ˜‚ğŸ˜‚ğŸ˜‚ğŸ˜‚ğŸ˜‚ğŸ˜‚ğŸ˜‚ğŸ˜‚ğŸ˜‚ğŸ˜‚ğŸ˜‚ğŸ˜‚ğŸ˜‚ğŸ˜‚ğŸ˜‚ğŸ˜‚ğŸ˜‚ğŸ˜‚ğŸ˜‚ğŸ˜‚ğŸ˜‚ğŸ˜‚ğŸ˜‚ğŸ˜‚ğŸ˜‚ğŸ˜‚ğŸ˜‚
C1SSUZHt8iI,sadagentian,Sot e gjeten me falimentu keto moooğŸ˜¡ğŸ˜¡ Sa i hodha dje 2 mij lek ğŸ¤¦ğŸ»â€â™‚ï¸
C1SSUZHt8iI,martin_dervishaj,Jo se su mbyll
C1SSUZHt8iI,viktor_ndoj_,Edhe Vodafoni
C1SSUZHt8iI,ermir_maka5,Sa lek lihen per kto raste ğŸ˜‚
C1SSUZHt8iI,its__eri21,Ja hodha un qe pata gati 3 muaj pa e paguar kontratenğŸ˜‚ğŸ˜‚ğŸ«¡
C1SSUZHt8iI,reci_algers,U doka 10â‚¬ perqok ğŸ˜‚
C1SSUZHt8iI,eenushiiiii,ğŸ”¥
C1SSUZHt8iI,m.alketa,ğŸ‘ğŸ‘ğŸ‘ğŸ‘
C1SSUZHt8iI,a_gj76,Past dritğŸ™Œ do te na mungoje shum
C1SSUZHt8iI,mig3na_,A prisni ngushellime dhe ku behen
C1SSUZHt8iI,rim_sallaku,Ju lumt hakrave ğŸ‘
C1SSUZHt8iI,sokol.sullaj,Kush shteti apo kush ...
C1SSUZHt8iI,angjelo_25,Na ka dhan ofertâ¤ï¸
C1SSUZHt8iI,hrn_l_,Do zoti merr dhe vodafonin me vete. Amin ğŸ™
C1SSUZHt8iI,enea_rajan_,Ishalla amin se na cmenden keta plerat
C1SSUZHt8iI,nikorabeli,Ka Zot ğŸ‘ğŸ‘ğŸ‘
C1SSUZHt8iI,luigjjaku,"Shtoja ketu edhe call center te Vodafone-Italia qe ndodhen ne Tirane. Qe vetem rrejn edhe manipulojne gjate gjithe kohes, me ne Shqiptaret qe jetojmÃ« ketu.Dhe per kete jemi tu pergadite denincim direkt tek shteti Italian."
C1SSUZHt8iI,mozi.troka.1,Tju ket len uraten ... tju vim per te mirağŸ˜‚
C1SSUZHt8iI,exellentcleaning.al,Yyyyy one leshit
C1SSUZHt8iI,hasim_allaraj,Riiiiiiiiiiiiiiiiiiiiiiiiiiiiiiiiippppppppppp
C1SSUZHt8iI,ferit_haxhiu,Ja qifsha n....
C1SSUZHt8iI,klevis_50,Ok tÃ« gjitha gocat qÃ« duan tÃ« marrin follow'Ã«rsa tÃ« komentojnÃ« ke JoqğŸ˜‚ğŸ˜‚
C1SSUZHt8iI,a_tusha777,Ska si vodafoni ropt ğŸ˜‚â¤ï¸ i pavdekshem
C1SSUZHt8iI,ahmetaj.mustafa,Ne koke te vodafonit
C1SSUZHt8iI,ballagaz,Duhet ta kishin gropos me koh kompani e degjenerume kÃ«rkon lek nga AMC ja qe jan kompani tjeter per tjeter po shteti kafaj se ka pjesÃ«tarin e vet ose ushtarin e vet
C1SSUZHt8iI,_a_la12,ShumÃ« shpejt nuk do na hyjÃ« nÃ« punÃ« as Vodafone. Ka punuar Musk para kÃ«tyre.
C1SSUZHt8iI,ballagaz,Hajt se mos bleni karta punoni me vifi tashti ci don internet ka ku tshkosh
C1SSUZHt8iI,enklajd_16,Amin hhaahahahğŸ˜‚ komenti me lot
C1SSUZHt8iI,d.e.t_o_ko_zgjani,"Black out do jete cdo biznes dhe tere Shqipria dhe per pak. Gezoni njeres , por dardha e ka bishtin prapa."
C1SSUZHt8iI,sel_man.hasani,"UnÃ« kam njÃ« vit qÃ« jam nÃ« FrancÃ«, dhe kÃ«ta to One akoma mÃ« dÃ«rgojnÃ« fatuea"
C1SSUZHt8iI,d3daj777,hajde per ne pidh te nenes ju qoft mir jau kan ba ktyre kopilave
C1SSUZHt8iI,illyrian_blood_84_al,Ore ska faj kompania  Jan operatoret p9ğŸ˜‚ğŸ˜‚ğŸ˜‚ğŸ˜‚ğŸ˜‚ğŸ˜‚ğŸ˜‚ğŸ˜‚ğŸ˜‚ğŸ˜‚ğŸ˜‚ğŸ˜‚ğŸ˜‚ğŸ˜‚ğŸ˜‚ğŸ˜‚ğŸ˜‚ğŸ˜‚ğŸ˜‚ğŸ˜‚
C1SSUZHt8iI,micani_margarita,Tani do ti coje cmimet ne stratosfere vodafoni
C1SSUZHt8iI,cookboy.online,Pshtova shyqyr
C1SSUZHt8iI,b__krasniqi,I duket vetja se ka ber ndonje heroizem sa puntor kan ngel pa pune kte e kan menduar Pse nuk fshiu OSHEE apo Uk ka mijra njereez qe kan mbetur peng aty Se ka menduar sa njerez kan nr One e punojn e i duhet telefoni e ju dilni ktu i beni lavdi Nuk zgjidhen ne kte menyr gjerat Mos duartrokisni krimin o njerez
C1SSUZHt8iI,eldi_barista,Jane  skandal  perfiton me kontrat one more plus 1200 .per 900 lek me than  pranova  dhe  ne fature me vinte 1200 mij  nuk u be zbritje asnnje heree  tani prapa djellit vavte ishalla zdel anji fature
C1SSUZHt8iI,hakuna.matata888999,"pse vetem One? Edhe Vodafone. Te dyja keto kompani, mbrohen nga qeveria, mediave u mbyllin gojen me reklama."
C1SSUZHt8iI,dedjamorel,Kur lejon te hyjn qen dhe gomer keto do kesh rezultate
C1SSUZHt8iI,itserjoon,Rip un qe kam one jam per qef ofert pa limit po n tel kam 0 lekğŸ˜‚ğŸ˜‚ğŸ˜‚
C1SSUZHt8iI,el.zhakking,"U mbyll kompania one eh, me plasi bytha une pi fanta"
C1SSUZHt8iI,eno_zena,Me trashegime dhe ne dasem te tjetrit
C1SSUZHt8iI,ervisamiraka,ğŸ˜‚ğŸ˜‚ğŸ˜‚ğŸ˜‚
C1SSUZHt8iI,nakoflorenc,Ti rrojn ca ka len mbrapağŸ˜¢
C1SSUZHt8iI,unmm1230,Hajt n pidh t Sams shkofshin mosbu ktheshin ma rradhen e ka vodafoniğŸ˜‚
C1SSUZHt8iI,paulin_berisha_7777,Ku esht spaku ja qifsha grun ğŸ˜‚ğŸ˜‚
C1SSUZHt8iI,aizentani,ğŸ”¥ğŸ”¥ğŸ”¥ğŸ”¥ğŸ”¥ğŸ”¥ğŸ”¥ğŸ”¥
C1SSUZHt8iI,gliton_dibra,ğŸ˜‚ğŸ˜‚ğŸ˜‚
C1SSUZHt8iI,imej_imeje,Npidh te somes shkoft kopani hajdutash ishalla e mbyllin krejt se na cau trapin
C1SSUZHt8iI,helion.prime,Klienti qe i ka mbaruar oferta me date 23â€¦
C1SSUZHt8iI,veizianila,"Haaaa, po shpallin vete falimentimin se mbaruan pune ne Shqiperi."
C1SSUZHt8iI,dervishiarban,ğŸ˜‚ğŸ˜‚ğŸ˜ğŸ˜‚ğŸ¤ªğŸ˜œPiramide Company
C1SSUZHt8iI,alb_aniansgirl,"Sja paskan paguar gjoben JOQ kta me duket , se nuk ka mundesi ti vihen nje biznesi kaq shum . Une njoh shume njerez qe perdorin Kete kompani dhe skan patur probleme. Ju keni 3 muaj me kte mhb cdo dite"
C1SSUZHt8iI,fatjon_hoxha06,E dim qe vjedhin por te dini qe vodafoni esht me keq se kta dhe po qe se mbetet vetem vodafoni pa asnje konkurenc ne treg ta dini qe do na rjepi me keq
C1SSUZHt8iI,feta_bego,Ishalla i merr dhe kto qeveritarÃ«t tonÃ« nga mbrapa.ğŸ‘
C1SSUZHt8iI,steel_and_wood.al,Faleminderit skeptikÃ«â€¦
C1SSUZHt8iI,kadri.shehu.5,ğŸ™ŒğŸ™ŒğŸ™Œ
C1SSUZHt8iI,jetasallcini,I shkofte nga pas Vodafone
C1SSUZHt8iI,b_koloshi,ğŸ˜‚
C1SSUZHt8iI,f_r_e_d_o_____,ğŸ˜‚
C1SSUZHt8iI,omertaomerta9386,Ishalla terheq kemben zvarre megjithe vidafone
C1SSUZHt8iI,marjolitheb3st,Lufta Sapo Ka Nisur
C1SSUZHt8iI,mirdalmece,Te dyja kompanit lesht jan ...po he ...mjer populli qe po i mjelin si lop skan turp skan
C1SSUZHt8iI,ashulku,Ne grope  te shkojen te dy kompanit se e repen ket popull pa be data oferta ta mbillin 4 dit para
C1SSUZHt8iI,almirpronjari,ğŸ˜¢
C1SSUZHt8iI,call_me_keisi,Ne tÃ« ONE a kemi internet pa limit tash a?
C1SSUZHt8iI,melissameli415,Kompani qe na ropen nga leket ğŸ˜‚ğŸ˜‚
C1SSUZHt8iI,ma_drid4832,Akoma ka kara si shkojn mas jush
C1SSUZHt8iI,ada_7151,ğŸ˜‚ğŸ˜‚
C1SSUZHt8iI,t_a_n_i_oo7,Hahahahaha ğŸ˜‚ğŸ˜‚ğŸ˜‚ğŸ˜‚ğŸ˜‚
C1SSUZHt8iI,tirana_qe_duam,Prit lajme te tilla nga @vodafonealbania
C1SSUZHt8iI,reitan_albania,ğŸ˜‚
C1SSUZHt8iI,jolandadena,Ja fusni kot se kÃ«ta na vodhen me kÃ«tÃ« emÃ«r e falimentojne e pastaj i vendosin emÃ«r tjetÃ«r e vazhdojne na vjedhin.
C1SSUZHt8iI,burgaj.hajrije,Qoshi vet
C1SSUZHt8iI,genticekici,Faky one
C1SSUZHt8iI,hasanhysa74,Sa ma thell ti behet gropa qe te mos dali me !
C1SSUZHt8iI,llambi_kristollari,Follow me
C1SSUZHt8iI,_.ildaamucaa01._,Na hapet barkun
C1SSUZHt8iI,nansnssnmsmsnsn,ğŸ˜‚
C1SSUZHt8iI,b89.miri,"Ky qe po gezon qenka Vodafoni, ne pritje ti ritet klientela"
C1SSUZHt8iI,lediaaf_,@marjus337 me at internetin me kontrat na ka hap at bark
C1SSUZHt8iI,shqip.frengjisht,"Watch this :

https://youtu.be/v81g1tldi4c?si=xF6UFoi9do96gPCD"
C1SSUZHt8iI,xhaxhi_daniel,ğŸ˜‚ğŸ˜‚ğŸ˜‚ğŸ˜‚
C1SSUZHt8iI,muhajmarenglen,UnÃ« per vete numrin one me kontratÃ« e kam 2 vjet dhe deri tani jam shumÃ« i kÃ«naqur ğŸ™ğŸ™
C1SSUZHt8iI,jonas_voyages,"I lumt pushka, kur nuk ka shtet!"
C1AAIDNt2R_,gert.muler,"Me nje fjale qeka dy rq, bashke me Edvinin bohen 3 rq ğŸ’©ğŸ’©ğŸ’©"
C1AAIDNt2R_,tisportd6,Se paskemi ditur se Veliaj Junior qenka edhe me Tiger se Tigri i vjeterğŸ˜‚
C1AAIDNt2R_,violameli,ğŸ‘ğŸ‘ğŸ‘
C1AAIDNt2R_,rionalazrep,Kafshata e madhe te ngec ne fyt gjithemone prisni ğŸ˜¢
C1AAIDNt2R_,stiliano_96,Nga shitja e fiqeve tek nje  nga njerzit me te pasur ne vend pa pasur kurr asnje biznes kjo ndodh vetem ne Shqiperi ğŸ˜‚ğŸ˜‚
C1AAIDNt2R_,borisplaneti,"E paskan hajdutllikun ne familje,turpğŸ˜¢ğŸ˜¢"
C1AAIDNt2R_,medail_k,Qakenjáº½t janáº½ váº½rsulur ta vjedhin e shkepin hartáº½n e ShqipÄ›ris se nuk lanÄ› gjáº½ pa ozoptuar mafja 33 vjeqare
C1AAIDNt2R_,arben_ristani,Se kan veliaji por Qyrku
C1AAIDNt2R_,leo.hysolli,Ku do me dit Altin Dumani per Veliaj
C1AAIDNt2R_,hermiona610,Popull i nenshtruar . I pelqen ta vjedhin ta poshterojne !
C1AAIDNt2R_,theronmisha,"Drejtesia nuk vihet duke u ankuar si kucke e vogel, mfal per shprehjen. Pastaj te duash drejtesi nuk eshte njesoj si te duash ate qe ka dikush tjeter."
C1AAIDNt2R_,_3rina__,Njeri me VK se  tjetri...
C1AAIDNt2R_,rerent_saranda,ksaj i thone krah t ngrohtağŸ˜‚
C1AAIDNt2R_,lol909sa,Cna ka gjet neve me kta
C1AAIDNt2R_,era_aaal,Nuk i shikoj dot ropqirat ju qift qeni rropt
C1AAIDNt2R_,fericlelmani,Ilaqe blefshin me ato leke
C1AAIDNt2R_,bledinballo,Lali dhjEri i ngjan babit Bio...ndersa *vllai* babit te shqiperise ğŸ˜‚ğŸ˜‚ doÃ§erit e Ponjes
C1AAIDNt2R_,_lone_wolf_howling,1 ftyr ropqire kan te dy vetem se lali ka gruan qe e nderon
C1AAIDNt2R_,j_life_free,Une e kam patur ne klase. Ka qene djal shume i zgjuar por qe ne shkolle ka qene me mik. E ema punonte tek fondacioni Soros. Kjo i tregon te gjitha. Jane rritur pa baba dhe kane qene shume te varfer. Turp se si mund te shitet njeriu.
C1AAIDNt2R_,muvahid949,ğŸ•â€ğŸ¦ºğŸ•â€ğŸ¦ºğŸ•â€ğŸ¦ºğŸ•â€ğŸ¦º o budallenj jeni ju qe votoni pastaj e shani.
C1AAIDNt2R_,piktura_murale__,"Skemat po ju  dalin por asgje nuk po ndodh, me duket kemi krijuar imunitet nga keto lajme, po na duken gjera normaleğŸ˜‚."
C1AAIDNt2R_,mifraolus,U shoftÃ« fara e qelbur Velia
C1AAIDNt2R_,silellokuda,"JanÃ« gojorsat qÃ« bÃ«jnÃ« Pipo Ã§do mÃ«ngjes pÃ«r njÃ« rrogÃ« lÃ«moshÃ«, qÃ« i mban nÃ« pushtet kÃ«to fundÃ«rrina."
C1AAIDNt2R_,gonigram,"Dikur beheshin thirrje dhe viheshin parrulla neper mure â€œposhte fashizmiâ€ e â€œposhte tradhetaretâ€ e â€œposhte DuÃ§eâ€, etj etj si keto. Kush e kishte mendu qe TASH ka ardh KOHA me shkrujt neper mure â€œPoshte SOCIAL-FASHISTET SHQIPATAREâ€, â€œPoshte Rilindasitâ€ dhe me e bukura â€œPoshte piktoriâ€ ose â€œPoshte Edi Ramaâ€. Ne djall te shkoje kjo menxyre, qe po mbulon perfundimisht hapesirat shqiptare."
C1AAIDNt2R_,ckem.iiii,Ne gjith kete histori ajo qe me ben per te qeshur esht syri i modifikuar i Edi Rames ğŸ˜‚ğŸ˜‚ğŸ˜‚ğŸ˜‚ğŸ˜‚ğŸ˜‚
C1AAIDNt2R_,beniparkut,"2 te pa fytyre qe tallin bythen me miletin.  Mos u habitni,te tille jemi qd i durojme"
C1AAIDNt2R_,brixhilda.354,"Mit e kan, kur kan gjet kte popull plere, komunist, pak bile po bejne, prandaj po ikin njerezit nga ky vend, se nuk rihet me komunistet, hajdute,."
C1AAIDNt2R_,ameljo_gjata,A ju qifa ropt  sngrihet njer pupulli tju qij ropt n goj mir ju po tja u perdhenoj e grat live
C1AAIDNt2R_,ncenaj808,Prerje  ropshkerdhimi paska dhe ky
C1AAIDNt2R_,skiskebkflld,Ju do marr me vete u qifsha grate
C1AAIDNt2R_,ingbesi,Kur do ta varin prej koqesh ket pederastin
C1AAIDNt2R_,artanmusabelliu,Prit prit skeni par gje akoma.
C1AAIDNt2R_,geni.karaj.108,Kush duhet tiğŸ˜® hetoj kto vlla
C1AAIDNt2R_,flamur.kurti.545,Po si nuk ngjasokan fare pÃ«r vllezÃ«r
C1AAIDNt2R_,isufteqja,i hegt kolerja
C1AAIDNt2R_,afterschool_re.re,"Ehh, nuk keni marrÃ« vesh gjÃ« akomaâ€¦..ne rrimÃ« flasim nÃ«pÃ«r kafe e fb dhe flemÃ« pa bukÃ« nÃ« darkÃ« se nuk kemi tÃ« ushqehemi.ğŸ¥²"
C1AAIDNt2R_,_photography_photo__,"Le te bejne feste, le te ja pijne gjakun ketij populli, vetem komentojne dhe i votojne vete, popullit me keq tja bejne."
C1AAIDNt2R_,tomi_zdrava,Tja qish motrat
C1AAIDNt2R_,8888k8888b,"A thu ka nevoj me i vjedh popullit Veliaj, kur vetem per 1 leje pallati ntiron imagjino se sa lek â€˜kafeâ€™ mund tmariğŸ¤¦ğŸ»â€â™‚ï¸"
C1AAIDNt2R_,dedjamajlinda,"Fare qe duhet shuar kta..se po ju marrin frymen o popull..si nuk e kuptoni qe po ju vrasin pake e nga pake, ca beni ore ca beni pse nuk coheni ti hiqni qafesh kta gjak pirsa, vdekur per vdekur..te pakten vdisni per te drejtat e juaja"
C1AAIDNt2R_,mozarrethi1,Dy zdromsat e Tiranes.Dy surrat kriminelat e Tiranes .O tironsa ku jeni more pse si hidhni poshte siÃ§ hodhet bustin ku e keni burrerrine
C1AAIDNt2R_,drilonsh,Investigativ = hulumtues
C1AAIDNt2R_,ledjana_kajmaku,Kush e lexo kte qe kam shkruit un esht pederast dhe e ka vrimen e bythes lejla
C1AAIDNt2R_,dritanmyrta,Ku jan ata tru shpÃ«larÃ«t qÃ« kujtuan se do vinin pÃ«r tÃ« bÃ«rÃ« mirÃ« pÃ«r popullin?megjithate duhet njÃ« dreq ligji qÃ« mÃ« shumÃ« se njÃ« mandat mos tÃ« kenÃ« tÃ« drejtÃ« .
C1AAIDNt2R_,rebar.has,
C1AAIDNt2R_,rebar.has,
C1AAIDNt2R_,rebar.has,
C1AAIDNt2R_,genti.go26,Po kshu esht kur ne si popull nuk zgjohena
C1AAIDNt2R_,lindur_pertvdekur,Edhe me e keqja eshte se skan per te ik asiher opozita ka ngel vetem ne funderrina ğŸ¤£ğŸ¤£ğŸ¤£
C1AAIDNt2R_,happpyyyy009,"kur i madhi shiste fiq, ky ca shiste ?"
C1AAIDNt2R_,jonas_voyages,Kaq mendoni se dini!
C1AAIDNt2R_,peza.ingrid,Avash avash ....
C0QpqZ4tXOt,flavito_,"e di kush osh problemi ma i modh?? qe sot me shume vemendje merr ai qe vishet me flamur, sesa ai qe mundet me vdek per flamur."
C0QpqZ4tXOt,soni.laza,Na kane ardhur do i shkojme se turpğŸ˜‚
C0QpqZ4tXOt,palkolafamily,Ca na bane moj Marianne te thashin dy kraht. ğŸ˜‚ğŸ˜‚. Na fute ne tension me Drekun ğŸ˜‚ğŸ˜‚ğŸ˜‚ Une jam kurioze keto xhaketat kush Ja ka dhane Drekut ğŸ˜‚ğŸ§ğŸ˜‚ğŸ˜‚
C0QpqZ4tXOt,altin_tufa,"Sa leke jane hedh qe ta veshi? Kot, pyetje nga publiku"
C0QpqZ4tXOt,kelbarjami,Na ka respektuar do ta respektojm
C0QpqZ4tXOt,brilantina_art,Wa patrioti im nga Lezha Drake ğŸ˜  Sa shpejt e mori veten ky shejton ğŸ˜…ğŸ˜…
C0QpqZ4tXOt,hoxha_enxhii,Jeni iÃ§ik ne vones ka nja 10 or si lajmğŸ˜‚
C0QpqZ4tXOt,__tea.l.__,"Po ky cpati , nga i erdhi kshu ğŸ¤”ğŸ˜‚"
C0QpqZ4tXOt,mara_kleia,ğŸ˜ğŸ™Œ
C0QpqZ4tXOt,fabio____133,"E njoh shum mir, gjyshi i drakes esht me origjin nga fieri, gjyshi u drakes ka punuar traktorist ne fier deri ne 87 e pstj kan emigruan ne amerik gjyshi i tij bashk me niprit nga i vellai"
C0QpqZ4tXOt,jett_alliu,Po nga lezha dhe ky ğŸ˜‚ğŸ˜‚ğŸ˜‚
C0QpqZ4tXOt,paulin.mardodaj,cfar fati
C0QpqZ4tXOt,drita.1959,Ky esht nje rrespekt qe po ja ben shqiptareveğŸ‘ğŸ‘
C0QpqZ4tXOt,il_zona,Ja ka lyp rites ky e sja ka lan ajo ..
C0QpqZ4tXOt,lyon_milan,Dashka me nxane Dua Lipen me duket
C0QpqZ4tXOt,ion__daci,He knows about marketing edhe ne e kena honger
C0QpqZ4tXOt,eliimonaco,ğŸ”¥â¤ï¸â¤ï¸â¤ï¸
C0QpqZ4tXOt,erglzi,Dritan Drejkollari on topğŸ¦‡
C0QpqZ4tXOt,rushanklod,Do tmari klikime nga shqiptaret prandaj e ka bo ket kongen ğŸ˜‚ğŸ˜‚
C0QpqZ4tXOt,eljon.gjonaj,"""Iiii ca katunari , ka vesh flamur"" !! KÃ«shtu na bullizonin kur ishim tÃ« vegjel nÃ« shkolle fillore apo kur donim tÃ« dilnim rrugve tÃ« veshur si heronjte tanÃ« qÃ« dhanÃ« jetÃ«n pÃ«r kte flamur ,prandaj na Ã«shtÃ« zbehur kjo ndjenja e patriotizmit.."
C0QpqZ4tXOt,giulio.asllani,Ky Ã«sht ShqiptarÃ« (nga Belshi)
C0QpqZ4tXOt,mati.durres,Se mos na del dhe ku shqiptar ğŸ˜‚
C0QpqZ4tXOt,susi_sll,@kelmendibesi
C0QpqZ4tXOt,egzonavdiaj,ta marri  vesh bota qe SHQIPET jan tfort ... Hallall Drake ğŸ‡¦ğŸ‡±
C0QpqZ4tXOt,muqi.94,
C0QpqZ4tXOt,kristi_vesho,E ka ber per ti rene ne sy marianes
C0QpqZ4tXOt,elvispopa,Falenderimet I takojn Marianes qe I paska hap kamt per xakun
C0QpqZ4tXOt,mateossulo,DREJKU from Lezha
C0QpqZ4tXOt,leila_bouch,Drake:â€SERBI TE Q***** MOTRENâ€.
C0QpqZ4tXOt,amelda_hamzaj,Cudia 3 dit zgjat ğŸ˜‚
C0QpqZ4tXOt,nja_pri_rresheni,po pra na plasi kari qanka ba nami shkoni mor kope injorantash
C0QpqZ4tXOt,memss12,Na plasi kari
C0QpqZ4tXOt,arben_ristani,E ka ber si burrat
C0QpqZ4tXOt,its_mata90,prisni komentet nga serbet tani ğŸ˜‚picu mater provokacijağŸ˜‚
C0QpqZ4tXOt,rei_90,Tashi i tham fukarallikut ik pirdhu se kte kishim problemin me te madh te kombit ğŸ¤£ğŸ¤£ğŸ¤£ ore Drake o shejtan
C0QpqZ4tXOt,denis_capa,Bota e do ShqipÃ«rinÃ« po ne jemi ata qe sdum  njeri  tjetrin
C0QpqZ4tXOt,erjon.selimi87,Filluan pashaportat e para shqipetare per zezaket.hahahah
C0QpqZ4tXOt,shpati.saimir,U bo trend me qen shqiptar
C0QpqZ4tXOt,priamllalla,Drake pranon origjinen nga Lezhq
C0QpqZ4tXOt,closed.20241,Ka mar vesh qe do vijne kushurinjt e vetÃ« ne LezhÃ« ğŸ˜¢
C0QpqZ4tXOt,liqii_18,@m.t.j.kv â¤ï¸ğŸ™ŒğŸ”¥
C0QpqZ4tXOt,bledinballo,Te pakten ta shohin shurrot e Evropes dhe qafkuqet e Anglise
C0QpqZ4tXOt,gjovi_peqi,Provokacjaaa ğŸ˜‚ğŸ˜‚ğŸ˜‚ğŸ˜‚ğŸ˜‚
C0QpqZ4tXOt,andyduraj,Aman  vetÃ«m Mos na e nxirrni me origjinÃ« shqiptare
C0QpqZ4tXOt,toni.oni89,thoni  qe  esht  shqiptar  po  ik  se  lan  nam  me  keto  lajme  dhe  qe  u  vesh  ca  ka  te  vacant  ketu
C0QpqZ4tXOt,alb1muca,Nuk esht Drake eshte Dritoni vllaj vet
C0QpqZ4tXOt,nejse00,na plasi kari se per vemendje e ka ba ky e shumica si puna ktij
C0QpqZ4tXOt,purppgram,Qr ma shum u permend bythziu se sa heronjt e kombit ğŸ’€ğŸ¤·â€â™‚ï¸
C0QpqZ4tXOt,drinitrupja,"e tani?ca duhet tbejm ne,kur vishemi ne kshu shqiptart na thon katundar ğŸ˜…"
C0QpqZ4tXOt,tedutiron,Duhet me i shku me ja bo qoken se na ka rrespektu
C0QpqZ4tXOt,denno__666,I kan bo presion shqipet ğŸ¤£ğŸ¤£ğŸ¤£
C0QpqZ4tXOt,santjano_,Na ka emocionuar shum na u be mishi koqe koqe
C0QpqZ4tXOt,camerlengo_91,"Thash un edhe 1 shqiptar te mbetet ne kemb , do i msoje kto me bo shqiponjen ğŸ˜‚"
C0QpqZ4tXOt,frenki_genovese,@vin_plaku mere Drekun ndarke ta respektojm icik ke oxhaku
C0QpqZ4tXOt,shper_,Ka dal moda me kan shqiptar ğŸ˜‚
C0QpqZ4tXOt,ledio_calliku,Drejk hoxha
C0QpqZ4tXOt,kreshniklami,"Ata do e quanin ""Provokacia"" ğŸ˜‚"
C0QpqZ4tXOt,pecaku_eri,e ka sjell italija ne lezh bash me azil kurkusit tjerğŸ˜‚ğŸ˜‚ğŸ˜‚ğŸ˜‚ğŸ˜‚
C0QpqZ4tXOt,vdma_17,ğŸ‘
C0QpqZ4tXOt,albion_shl,E tash ? Obobo na plasi fort k***
C0QpqZ4tXOt,levi_ak1_,Not a fan of drake but I rate him respect G
C0QpqZ4tXOt,00_bela01,Na keni qa ka***
C0QpqZ4tXOt,tulipan_tulipani,Sa mire po na perdorin flamurin keta spordhjaket ğŸ˜¢ğŸ˜¢
C0QpqZ4tXOt,donald._.mara,Top G  Drake ğŸ”¥ğŸ”¥
C0QpqZ4tXOt,dhoripoci,Mbase ka origjine Korcare ğŸ¤·ğŸ¼
C0QpqZ4tXOt,30paris2018,"Nuk eshte drake,eshte nje firme veshjesh qe e ka bere si reklame"
C0QpqZ4tXOt,akl.k69,Mua me shum me ngjan sikur esht klevio se sa noiziğŸ˜‚
C0QpqZ4tXOt,bxl.007,Kur ta bojn me origjin shqiptare dhe ket ğŸ˜‚
C0QpqZ4tXOt,shehukadri,"E kur tÃ« fillojnÃ« shkijet dhe mediat serbe kundÃ«r Drake si ""provokacija"".ğŸ˜‰ğŸ¤£ğŸ¤¦â€â™‚ï¸"
C0QpqZ4tXOt,elonakalori,ğŸ‘ğŸ»ğŸ‡¦ğŸ‡±
C0QpqZ4tXOt,gentrit.sh1,Fell i kem rrajt be nanen
C0QpqZ4tXOt,erjon.selimi87,U be dhe ky shqipetar per nja 100000 euroğŸ˜‚
C0QpqZ4tXOt,k_l_o_d_i_a_n,NA KA EDHUR 10 MILEKA  TI EDHIM NJE 20CKE
C0QpqZ4tXOt,albertcekrezi5,Respekte drake ğŸ‘ğŸ‘
